Threads,Execution Time (seconds)
1,30.864129
2,14.960164
4,7.497409
8,8.284714
16,8.541777
32,8.169560
