Threads,Execution Time (seconds)
1,29.899842
2,14.910783
4,8.059176
8,9.317994
16,8.606650
32,9.080133
