Threads,Execution Time (seconds)
1,0.300854
2,0.189441
4,0.134060
8,0.145266
16,0.095773
32,0.114920
