Threads,Execution Time (seconds)
1,31.334979
2,14.915575
4,8.147308
8,9.295077
16,8.837303
32,8.998692
