Threads,Execution Time (seconds)
1x1,33.335381
2x1,16.875125
2x2,9.084756
4x2,4.508903
4x4,2.304409
4x8,2.830149
6x8,3.046561